branching_frequency,curvature_gamma_a,curvature_gamma_scale,angle_beta_a,angle_beta_b
0.024237157754818838,1.373490400741461,4.188563531446157,4.931662686701629,1.0841063387157261
