branching_frequency,curvature_gamma_a,curvature_gamma_scale,angle_beta_a,angle_beta_b
0.029820794548184194,1.6563537085286306,6.142327862467818,3.035094589229994,0.9824538685279953
