branching_frequency,curvature_gamma_a,curvature_gamma_scale,angle_beta_a,angle_beta_b
0.0476127067919289,1.539861063215723,5.8823202519646065,5.6843956846184565,1.2075437833068472
