branching_frequency,curvature_gamma_a,curvature_gamma_scale,angle_beta_a,angle_beta_b
0.018225135416446703,1.6948611519483279,2.880534356270903,5.134985480805667,1.2365410698598724
