branching_frequency,curvature_gamma_a,curvature_gamma_scale,angle_beta_a,angle_beta_b
0.02803443105356039,1.2728860454269144,6.550993943636039,2.9856469346706103,0.9208045388615347
