branching_frequency,curvature_gamma_a,curvature_gamma_scale,angle_beta_a,angle_beta_b
0.025193896257020103,1.5962901904316307,4.371074760682871,2.2948568263033478,0.9438161053184051
