branching_frequency,curvature_gamma_a,curvature_gamma_scale,angle_beta_a,angle_beta_b
0.03126278575100255,1.6546373241112518,8.641138699064587,1.4343473912074876,0.5666034689241086
