branching_frequency,curvature_gamma_a,curvature_gamma_scale,angle_beta_a,angle_beta_b
0.0426064622047663,0.8423059291809716,16.23653750869414,1599535.5508790785,2.3452173426401512
