branching_frequency,curvature_gamma_a,curvature_gamma_scale,angle_beta_a,angle_beta_b
0.03003012943799239,0.6220763657979396,8.010289486822884,3.241464123497644,0.8869618534106145
