branching_frequency,curvature_gamma_a,curvature_gamma_scale,angle_beta_a,angle_beta_b
0.016925731922538392,1.6114694580278444,2.0238222211970487,4.28868341157166,0.9839464337063648
